SKU_ID,INDUSTRY,FORECAST_DATE,FORECAST_WEEK,DEMAND_FORECAST,LOWER_BOUND,UPPER_BOUND,TREND
SKU10000,Automotive,2025-01-06,1,122,100,143,-0.797
SKU10000,Automotive,2025-01-13,2,123,100,145,-0.797
SKU10000,Automotive,2025-01-20,3,116,95,136,-0.797
SKU10000,Automotive,2025-01-27,4,116,95,136,-0.797
SKU10000,Automotive,2025-02-03,5,112,91,132,-0.797
SKU10000,Automotive,2025-02-10,6,109,89,128,-0.797
SKU10000,Automotive,2025-02-17,7,110,90,129,-0.797
SKU10000,Automotive,2025-02-24,8,113,92,133,-0.797
SKU10000,Automotive,2025-03-03,9,118,96,139,-0.797
SKU10000,Automotive,2025-03-10,10,118,96,139,-0.797
SKU10000,Automotive,2025-03-17,11,119,97,140,-0.797
SKU10000,Automotive,2025-03-24,12,116,95,136,-0.797
SKU10001,Healthcare,2025-01-06,1,2567,2104,3029,12.172
SKU10001,Healthcare,2025-01-13,2,2689,2204,3173,12.172
SKU10001,Healthcare,2025-01-20,3,2484,2036,2931,12.172
SKU10001,Healthcare,2025-01-27,4,2440,2000,2879,12.172
SKU10001,Healthcare,2025-02-03,5,2463,2019,2906,12.172
SKU10001,Healthcare,2025-02-10,6,2743,2249,3236,12.172
SKU10001,Healthcare,2025-02-17,7,2524,2069,2978,12.172
SKU10001,Healthcare,2025-02-24,8,2636,2161,3110,12.172
SKU10001,Healthcare,2025-03-03,9,2492,2043,2940,12.172
SKU10001,Healthcare,2025-03-10,10,2503,2052,2953,12.172
SKU10001,Healthcare,2025-03-17,11,2630,2156,3103,12.172
SKU10001,Healthcare,2025-03-24,12,2550,2091,3009,12.172
SKU10002,Apparel,2025-01-06,1,1261,1034,1487,7.178
SKU10002,Apparel,2025-01-13,2,1130,926,1333,7.178
SKU10002,Apparel,2025-01-20,3,1279,1048,1509,7.178
SKU10002,Apparel,2025-01-27,4,1176,964,1387,7.178
SKU10002,Apparel,2025-02-03,5,1195,979,1410,7.178
SKU10002,Apparel,2025-02-10,6,1103,904,1301,7.178
SKU10002,Apparel,2025-02-17,7,1205,988,1421,7.178
SKU10002,Apparel,2025-02-24,8,1131,927,1334,7.178
SKU10002,Apparel,2025-03-03,9,1489,1220,1757,7.178
SKU10002,Apparel,2025-03-10,10,1494,1225,1762,7.178
SKU10002,Apparel,2025-03-17,11,1398,1146,1649,7.178
SKU10002,Apparel,2025-03-24,12,1496,1226,1765,7.178
SKU10003,Apparel,2025-01-06,1,1216,997,1434,7.041
SKU10003,Apparel,2025-01-13,2,1169,958,1379,7.041
SKU10003,Apparel,2025-01-20,3,1249,1024,1473,7.041
SKU10003,Apparel,2025-01-27,4,1099,901,1296,7.041
SKU10003,Apparel,2025-02-03,5,1199,983,1414,7.041
SKU10003,Apparel,2025-02-10,6,1192,977,1406,7.041
SKU10003,Apparel,2025-02-17,7,1257,1030,1483,7.041
SKU10003,Apparel,2025-02-24,8,1202,985,1418,7.041
SKU10003,Apparel,2025-03-03,9,1448,1187,1708,7.041
SKU10003,Apparel,2025-03-10,10,1347,1104,1589,7.041
SKU10003,Apparel,2025-03-17,11,1498,1228,1767,7.041
SKU10003,Apparel,2025-03-24,12,1508,1236,1779,7.041
SKU10004,Industrial,2025-01-06,1,1289,1056,1521,6.68
SKU10004,Industrial,2025-01-13,2,1389,1138,1639,6.68
SKU10004,Industrial,2025-01-20,3,1310,1074,1545,6.68
SKU10004,Industrial,2025-01-27,4,1263,1035,1490,6.68
SKU10004,Industrial,2025-02-03,5,1219,999,1438,6.68
SKU10004,Industrial,2025-02-10,6,1362,1116,1607,6.68
SKU10004,Industrial,2025-02-17,7,1318,1080,1555,6.68
SKU10004,Industrial,2025-02-24,8,1334,1093,1574,6.68
SKU10004,Industrial,2025-03-03,9,1419,1163,1674,6.68
SKU10004,Industrial,2025-03-10,10,1461,1198,1723,6.68
SKU10004,Industrial,2025-03-17,11,1447,1186,1707,6.68
SKU10004,Industrial,2025-03-24,12,1495,1225,1764,6.68
SKU10005,Industrial,2025-01-06,1,1453,1191,1714,7.755
SKU10005,Industrial,2025-01-13,2,1493,1224,1761,7.755
SKU10005,Industrial,2025-01-20,3,1541,1263,1818,7.755
SKU10005,Industrial,2025-01-27,4,1448,1187,1708,7.755
SKU10005,Industrial,2025-02-03,5,1427,1170,1683,7.755
SKU10005,Industrial,2025-02-10,6,1588,1302,1873,7.755
SKU10005,Industrial,2025-02-17,7,1315,1078,1551,7.755
SKU10005,Industrial,2025-02-24,8,1429,1171,1686,7.755
SKU10005,Industrial,2025-03-03,9,1547,1268,1825,7.755
SKU10005,Industrial,2025-03-10,10,1494,1225,1762,7.755
SKU10005,Industrial,2025-03-17,11,1498,1228,1767,7.755
SKU10005,Industrial,2025-03-24,12,1635,1340,1929,7.755
SKU10006,Automotive,2025-01-06,1,992,813,1170,6.248
SKU10006,Automotive,2025-01-13,2,1059,868,1249,6.248
SKU10006,Automotive,2025-01-20,3,1120,918,1321,6.248
SKU10006,Automotive,2025-01-27,4,1120,918,1321,6.248
SKU10006,Automotive,2025-02-03,5,1018,834,1201,6.248
SKU10006,Automotive,2025-02-10,6,1037,850,1223,6.248
SKU10006,Automotive,2025-02-17,7,979,802,1155,6.248
SKU10006,Automotive,2025-02-24,8,1137,932,1341,6.248
SKU10006,Automotive,2025-03-03,9,1132,928,1335,6.248
SKU10006,Automotive,2025-03-10,10,1107,907,1306,6.248
SKU10006,Automotive,2025-03-17,11,1219,999,1438,6.248
SKU10006,Automotive,2025-03-24,12,1153,945,1360,6.248
SKU10007,Grocery,2025-01-06,1,453,371,534,1.993
SKU10007,Grocery,2025-01-13,2,436,357,514,1.993
SKU10007,Grocery,2025-01-20,3,435,356,513,1.993
SKU10007,Grocery,2025-01-27,4,451,369,532,1.993
SKU10007,Grocery,2025-02-03,5,461,378,543,1.993
SKU10007,Grocery,2025-02-10,6,473,387,558,1.993
SKU10007,Grocery,2025-02-17,7,457,374,539,1.993
SKU10007,Grocery,2025-02-24,8,519,425,612,1.993
SKU10007,Grocery,2025-03-03,9,502,411,592,1.993
SKU10007,Grocery,2025-03-10,10,476,390,561,1.993
SKU10007,Grocery,2025-03-17,11,479,392,565,1.993
SKU10007,Grocery,2025-03-24,12,482,395,568,1.993
SKU10008,Automotive,2025-01-06,1,1340,1098,1581,8.879
SKU10008,Automotive,2025-01-13,2,1362,1116,1607,8.879
SKU10008,Automotive,2025-01-20,3,1571,1288,1853,8.879
SKU10008,Automotive,2025-01-27,4,1446,1185,1706,8.879
SKU10008,Automotive,2025-02-03,5,1423,1166,1679,8.879
SKU10008,Automotive,2025-02-10,6,1346,1103,1588,8.879
SKU10008,Automotive,2025-02-17,7,1338,1097,1578,8.879
SKU10008,Automotive,2025-02-24,8,1292,1059,1524,8.879
SKU10008,Automotive,2025-03-03,9,1430,1172,1687,8.879
SKU10008,Automotive,2025-03-10,10,1512,1239,1784,8.879
SKU10008,Automotive,2025-03-17,11,1416,1161,1670,8.879
SKU10008,Automotive,2025-03-24,12,1431,1173,1688,8.879
SKU10009,Industrial,2025-01-06,1,594,487,700,2.965
SKU10009,Industrial,2025-01-13,2,609,499,718,2.965
SKU10009,Industrial,2025-01-20,3,632,518,745,2.965
SKU10009,Industrial,2025-01-27,4,642,526,757,2.965
SKU10009,Industrial,2025-02-03,5,604,495,712,2.965
SKU10009,Industrial,2025-02-10,6,674,552,795,2.965
SKU10009,Industrial,2025-02-17,7,609,499,718,2.965
SKU10009,Industrial,2025-02-24,8,609,499,718,2.965
SKU10009,Industrial,2025-03-03,9,664,544,783,2.965
SKU10009,Industrial,2025-03-10,10,667,546,787,2.965
SKU10009,Industrial,2025-03-17,11,703,576,829,2.965
SKU10009,Industrial,2025-03-24,12,714,585,842,2.965
SKU10010,Electronics,2025-01-06,1,698,572,823,2.576
SKU10010,Electronics,2025-01-13,2,700,574,826,2.576
SKU10010,Electronics,2025-01-20,3,734,601,866,2.576
SKU10010,Electronics,2025-01-27,4,721,591,850,2.576
SKU10010,Electronics,2025-02-03,5,759,622,895,2.576
SKU10010,Electronics,2025-02-10,6,713,584,841,2.576
SKU10010,Electronics,2025-02-17,7,618,506,729,2.576
SKU10010,Electronics,2025-02-24,8,693,568,817,2.576
SKU10010,Electronics,2025-03-03,9,779,638,919,2.576
SKU10010,Electronics,2025-03-10,10,735,602,867,2.576
SKU10010,Electronics,2025-03-17,11,784,642,925,2.576
SKU10010,Electronics,2025-03-24,12,683,560,805,2.576
SKU10011,Apparel,2025-01-06,1,16,13,18,-3.042
SKU10011,Apparel,2025-01-13,2,13,10,15,-3.042
SKU10011,Apparel,2025-01-20,3,11,9,12,-3.042
SKU10011,Apparel,2025-01-27,4,8,6,9,-3.042
SKU10011,Apparel,2025-02-03,5,6,4,7,-3.042
SKU10011,Apparel,2025-02-10,6,4,3,4,-3.042
SKU10011,Apparel,2025-02-17,7,2,1,2,-3.042
SKU10011,Apparel,2025-02-24,8,1,0,1,-3.042
SKU10011,Apparel,2025-03-03,9,1,0,1,-3.042
SKU10011,Apparel,2025-03-10,10,1,0,1,-3.042
SKU10011,Apparel,2025-03-17,11,1,0,1,-3.042
SKU10011,Apparel,2025-03-24,12,1,0,1,-3.042
SKU10012,Industrial,2025-01-06,1,1084,888,1279,5.161
SKU10012,Industrial,2025-01-13,2,1120,918,1321,5.161
SKU10012,Industrial,2025-01-20,3,1145,938,1351,5.161
SKU10012,Industrial,2025-01-27,4,1069,876,1261,5.161
SKU10012,Industrial,2025-02-03,5,1063,871,1254,5.161
SKU10012,Industrial,2025-02-10,6,1140,934,1345,5.161
SKU10012,Industrial,2025-02-17,7,1131,927,1334,5.161
SKU10012,Industrial,2025-02-24,8,1076,882,1269,5.161
SKU10012,Industrial,2025-03-03,9,1229,1007,1450,5.161
SKU10012,Industrial,2025-03-10,10,1189,974,1403,5.161
SKU10012,Industrial,2025-03-17,11,1175,963,1386,5.161
SKU10012,Industrial,2025-03-24,12,1112,911,1312,5.161
SKU10013,Healthcare,2025-01-06,1,567,464,669,2.467
SKU10013,Healthcare,2025-01-13,2,553,453,652,2.467
SKU10013,Healthcare,2025-01-20,3,562,460,663,2.467
SKU10013,Healthcare,2025-01-27,4,569,466,671,2.467
SKU10013,Healthcare,2025-02-03,5,558,457,658,2.467
SKU10013,Healthcare,2025-02-10,6,539,441,636,2.467
SKU10013,Healthcare,2025-02-17,7,554,454,653,2.467
SKU10013,Healthcare,2025-02-24,8,571,468,673,2.467
SKU10013,Healthcare,2025-03-03,9,554,454,653,2.467
SKU10013,Healthcare,2025-03-10,10,538,441,634,2.467
SKU10013,Healthcare,2025-03-17,11,583,478,687,2.467
SKU10013,Healthcare,2025-03-24,12,566,464,667,2.467
SKU10014,Electronics,2025-01-06,1,126,103,148,-0.383
SKU10014,Electronics,2025-01-13,2,140,114,165,-0.383
SKU10014,Electronics,2025-01-20,3,135,110,159,-0.383
SKU10014,Electronics,2025-01-27,4,133,109,156,-0.383
SKU10014,Electronics,2025-02-03,5,125,102,147,-0.383
SKU10014,Electronics,2025-02-10,6,131,107,154,-0.383
SKU10014,Electronics,2025-02-17,7,129,105,152,-0.383
SKU10014,Electronics,2025-02-24,8,126,103,148,-0.383
SKU10014,Electronics,2025-03-03,9,133,109,156,-0.383
SKU10014,Electronics,2025-03-10,10,136,111,160,-0.383
SKU10014,Electronics,2025-03-17,11,149,122,175,-0.383
SKU10014,Electronics,2025-03-24,12,136,111,160,-0.383
SKU10015,Healthcare,2025-01-06,1,152,124,179,0.244
SKU10015,Healthcare,2025-01-13,2,172,141,202,0.244
SKU10015,Healthcare,2025-01-20,3,176,144,207,0.244
SKU10015,Healthcare,2025-01-27,4,172,141,202,0.244
SKU10015,Healthcare,2025-02-03,5,161,132,189,0.244
SKU10015,Healthcare,2025-02-10,6,178,145,210,0.244
SKU10015,Healthcare,2025-02-17,7,148,121,174,0.244
SKU10015,Healthcare,2025-02-24,8,159,130,187,0.244
SKU10015,Healthcare,2025-03-03,9,164,134,193,0.244
SKU10015,Healthcare,2025-03-10,10,162,132,191,0.244
SKU10015,Healthcare,2025-03-17,11,176,144,207,0.244
SKU10015,Healthcare,2025-03-24,12,147,120,173,0.244
SKU10016,Healthcare,2025-01-06,1,314,257,370,1.175
SKU10016,Healthcare,2025-01-13,2,288,236,339,1.175
SKU10016,Healthcare,2025-01-20,3,318,260,375,1.175
SKU10016,Healthcare,2025-01-27,4,307,251,362,1.175
SKU10016,Healthcare,2025-02-03,5,299,245,352,1.175
SKU10016,Healthcare,2025-02-10,6,292,239,344,1.175
SKU10016,Healthcare,2025-02-17,7,271,222,319,1.175
SKU10016,Healthcare,2025-02-24,8,311,255,366,1.175
SKU10016,Healthcare,2025-03-03,9,296,242,349,1.175
SKU10016,Healthcare,2025-03-10,10,308,252,363,1.175
SKU10016,Healthcare,2025-03-17,11,295,241,348,1.175
SKU10016,Healthcare,2025-03-24,12,314,257,370,1.175
SKU10017,Electronics,2025-01-06,1,191,156,225,0.717
SKU10017,Electronics,2025-01-13,2,190,155,224,0.717
SKU10017,Electronics,2025-01-20,3,170,139,200,0.717
SKU10017,Electronics,2025-01-27,4,205,168,241,0.717
SKU10017,Electronics,2025-02-03,5,163,133,192,0.717
SKU10017,Electronics,2025-02-10,6,178,145,210,0.717
SKU10017,Electronics,2025-02-17,7,164,134,193,0.717
SKU10017,Electronics,2025-02-24,8,184,150,217,0.717
SKU10017,Electronics,2025-03-03,9,204,167,240,0.717
SKU10017,Electronics,2025-03-10,10,198,162,233,0.717
SKU10017,Electronics,2025-03-17,11,198,162,233,0.717
SKU10017,Electronics,2025-03-24,12,176,144,207,0.717
SKU10018,Automotive,2025-01-06,1,1421,1165,1676,8.57
SKU10018,Automotive,2025-01-13,2,1404,1151,1656,8.57
SKU10018,Automotive,2025-01-20,3,1318,1080,1555,8.57
SKU10018,Automotive,2025-01-27,4,1549,1270,1827,8.57
SKU10018,Automotive,2025-02-03,5,1415,1160,1669,8.57
SKU10018,Automotive,2025-02-10,6,1464,1200,1727,8.57
SKU10018,Automotive,2025-02-17,7,1523,1248,1797,8.57
SKU10018,Automotive,2025-02-24,8,1367,1120,1613,8.57
SKU10018,Automotive,2025-03-03,9,1494,1225,1762,8.57
SKU10018,Automotive,2025-03-10,10,1573,1289,1856,8.57
SKU10018,Automotive,2025-03-17,11,1366,1120,1611,8.57
SKU10018,Automotive,2025-03-24,12,1551,1271,1830,8.57
SKU10019,Automotive,2025-01-06,1,387,317,456,2.689
SKU10019,Automotive,2025-01-13,2,424,347,500,2.689
SKU10019,Automotive,2025-01-20,3,418,342,493,2.689
SKU10019,Automotive,2025-01-27,4,405,332,477,2.689
SKU10019,Automotive,2025-02-03,5,409,335,482,2.689
SKU10019,Automotive,2025-02-10,6,394,323,464,2.689
SKU10019,Automotive,2025-02-17,7,437,358,515,2.689
SKU10019,Automotive,2025-02-24,8,391,320,461,2.689
SKU10019,Automotive,2025-03-03,9,451,369,532,2.689
SKU10019,Automotive,2025-03-10,10,432,354,509,2.689
SKU10019,Automotive,2025-03-17,11,456,373,538,2.689
SKU10019,Automotive,2025-03-24,12,437,358,515,2.689
SKU10020,Automotive,2025-01-06,1,133,109,156,-0.942
SKU10020,Automotive,2025-01-13,2,126,103,148,-0.942
SKU10020,Automotive,2025-01-20,3,125,102,147,-0.942
SKU10020,Automotive,2025-01-27,4,137,112,161,-0.942
SKU10020,Automotive,2025-02-03,5,122,100,143,-0.942
SKU10020,Automotive,2025-02-10,6,118,96,139,-0.942
SKU10020,Automotive,2025-02-17,7,128,104,151,-0.942
SKU10020,Automotive,2025-02-24,8,115,94,135,-0.942
SKU10020,Automotive,2025-03-03,9,123,100,145,-0.942
SKU10020,Automotive,2025-03-10,10,130,106,153,-0.942
SKU10020,Automotive,2025-03-17,11,126,103,148,-0.942
SKU10020,Automotive,2025-03-24,12,121,99,142,-0.942
SKU10021,Healthcare,2025-01-06,1,6,4,7,-2.701
SKU10021,Healthcare,2025-01-13,2,3,2,3,-2.701
SKU10021,Healthcare,2025-01-20,3,1,0,1,-2.701
SKU10021,Healthcare,2025-01-27,4,1,0,1,-2.701
SKU10021,Healthcare,2025-02-03,5,1,0,1,-2.701
SKU10021,Healthcare,2025-02-10,6,1,0,1,-2.701
SKU10021,Healthcare,2025-02-17,7,1,0,1,-2.701
SKU10021,Healthcare,2025-02-24,8,1,0,1,-2.701
SKU10021,Healthcare,2025-03-03,9,1,0,1,-2.701
SKU10021,Healthcare,2025-03-10,10,1,0,1,-2.701
SKU10021,Healthcare,2025-03-17,11,1,0,1,-2.701
SKU10021,Healthcare,2025-03-24,12,1,0,1,-2.701
SKU10022,Grocery,2025-01-06,1,527,432,621,2.256
SKU10022,Grocery,2025-01-13,2,485,397,572,2.256
SKU10022,Grocery,2025-01-20,3,575,471,678,2.256
SKU10022,Grocery,2025-01-27,4,531,435,626,2.256
SKU10022,Grocery,2025-02-03,5,529,433,624,2.256
SKU10022,Grocery,2025-02-10,6,559,458,659,2.256
SKU10022,Grocery,2025-02-17,7,580,475,684,2.256
SKU10022,Grocery,2025-02-24,8,571,468,673,2.256
SKU10022,Grocery,2025-03-03,9,540,442,637,2.256
SKU10022,Grocery,2025-03-10,10,528,432,623,2.256
SKU10022,Grocery,2025-03-17,11,557,456,657,2.256
SKU10022,Grocery,2025-03-24,12,569,466,671,2.256
SKU10023,Electronics,2025-01-06,1,932,764,1099,3.611
SKU10023,Electronics,2025-01-13,2,956,783,1128,3.611
SKU10023,Electronics,2025-01-20,3,859,704,1013,3.611
SKU10023,Electronics,2025-01-27,4,998,818,1177,3.611
SKU10023,Electronics,2025-02-03,5,907,743,1070,3.611
SKU10023,Electronics,2025-02-10,6,976,800,1151,3.611
SKU10023,Electronics,2025-02-17,7,924,757,1090,3.611
SKU10023,Electronics,2025-02-24,8,826,677,974,3.611
SKU10023,Electronics,2025-03-03,9,965,791,1138,3.611
SKU10023,Electronics,2025-03-10,10,918,752,1083,3.611
SKU10023,Electronics,2025-03-17,11,1009,827,1190,3.611
SKU10023,Electronics,2025-03-24,12,928,760,1095,3.611
SKU10024,Healthcare,2025-01-06,1,1,0,1,-1.967
SKU10024,Healthcare,2025-01-13,2,1,0,1,-1.967
SKU10024,Healthcare,2025-01-20,3,1,0,1,-1.967
SKU10024,Healthcare,2025-01-27,4,1,0,1,-1.967
SKU10024,Healthcare,2025-02-03,5,1,0,1,-1.967
SKU10024,Healthcare,2025-02-10,6,1,0,1,-1.967
SKU10024,Healthcare,2025-02-17,7,1,0,1,-1.967
SKU10024,Healthcare,2025-02-24,8,1,0,1,-1.967
SKU10024,Healthcare,2025-03-03,9,1,0,1,-1.967
SKU10024,Healthcare,2025-03-10,10,1,0,1,-1.967
SKU10024,Healthcare,2025-03-17,11,1,0,1,-1.967
SKU10024,Healthcare,2025-03-24,12,1,0,1,-1.967
SKU10025,Grocery,2025-01-06,1,819,671,966,3.787
SKU10025,Grocery,2025-01-13,2,783,642,923,3.787
SKU10025,Grocery,2025-01-20,3,786,644,927,3.787
SKU10025,Grocery,2025-01-27,4,818,670,965,3.787
SKU10025,Grocery,2025-02-03,5,794,651,936,3.787
SKU10025,Grocery,2025-02-10,6,821,673,968,3.787
SKU10025,Grocery,2025-02-17,7,793,650,935,3.787
SKU10025,Grocery,2025-02-24,8,891,730,1051,3.787
SKU10025,Grocery,2025-03-03,9,757,620,893,3.787
SKU10025,Grocery,2025-03-10,10,830,680,979,3.787
SKU10025,Grocery,2025-03-17,11,900,738,1062,3.787
SKU10025,Grocery,2025-03-24,12,960,787,1132,3.787
SKU10026,Healthcare,2025-01-06,1,2525,2070,2979,11.841
SKU10026,Healthcare,2025-01-13,2,2579,2114,3043,11.841
SKU10026,Healthcare,2025-01-20,3,2375,1947,2802,11.841
SKU10026,Healthcare,2025-01-27,4,2442,2002,2881,11.841
SKU10026,Healthcare,2025-02-03,5,2554,2094,3013,11.841
SKU10026,Healthcare,2025-02-10,6,2688,2204,3171,11.841
SKU10026,Healthcare,2025-02-17,7,2446,2005,2886,11.841
SKU10026,Healthcare,2025-02-24,8,2578,2113,3042,11.841
SKU10026,Healthcare,2025-03-03,9,2569,2106,3031,11.841
SKU10026,Healthcare,2025-03-10,10,2445,2004,2885,11.841
SKU10026,Healthcare,2025-03-17,11,2460,2017,2902,11.841
SKU10026,Healthcare,2025-03-24,12,2447,2006,2887,11.841
SKU10027,Automotive,2025-01-06,1,126,103,148,-0.181
SKU10027,Automotive,2025-01-13,2,133,109,156,-0.181
SKU10027,Automotive,2025-01-20,3,124,101,146,-0.181
SKU10027,Automotive,2025-01-27,4,121,99,142,-0.181
SKU10027,Automotive,2025-02-03,5,114,93,134,-0.181
SKU10027,Automotive,2025-02-10,6,112,91,132,-0.181
SKU10027,Automotive,2025-02-17,7,117,95,138,-0.181
SKU10027,Automotive,2025-02-24,8,105,86,123,-0.181
SKU10027,Automotive,2025-03-03,9,143,117,168,-0.181
SKU10027,Automotive,2025-03-10,10,126,103,148,-0.181
SKU10027,Automotive,2025-03-17,11,117,95,138,-0.181
SKU10027,Automotive,2025-03-24,12,121,99,142,-0.181
SKU10028,Electronics,2025-01-06,1,1042,854,1229,5.478
SKU10028,Electronics,2025-01-13,2,1028,842,1213,5.478
SKU10028,Electronics,2025-01-20,3,1168,957,1378,5.478
SKU10028,Electronics,2025-01-27,4,1070,877,1262,5.478
SKU10028,Electronics,2025-02-03,5,1002,821,1182,5.478
SKU10028,Electronics,2025-02-10,6,1092,895,1288,5.478
SKU10028,Electronics,2025-02-17,7,999,819,1178,5.478
SKU10028,Electronics,2025-02-24,8,1026,841,1210,5.478
SKU10028,Electronics,2025-03-03,9,918,752,1083,5.478
SKU10028,Electronics,2025-03-10,10,1060,869,1250,5.478
SKU10028,Electronics,2025-03-17,11,1057,866,1247,5.478
SKU10028,Electronics,2025-03-24,12,1140,934,1345,5.478
SKU10029,Industrial,2025-01-06,1,294,241,346,0.136
SKU10029,Industrial,2025-01-13,2,289,236,341,0.136
SKU10029,Industrial,2025-01-20,3,300,245,354,0.136
SKU10029,Industrial,2025-01-27,4,300,245,354,0.136
SKU10029,Industrial,2025-02-03,5,332,272,391,0.136
SKU10029,Industrial,2025-02-10,6,309,253,364,0.136
SKU10029,Industrial,2025-02-17,7,313,256,369,0.136
SKU10029,Industrial,2025-02-24,8,316,259,372,0.136
SKU10029,Industrial,2025-03-03,9,313,256,369,0.136
SKU10029,Industrial,2025-03-10,10,313,256,369,0.136
SKU10029,Industrial,2025-03-17,11,338,277,398,0.136
SKU10029,Industrial,2025-03-24,12,340,278,401,0.136
SKU10030,Grocery,2025-01-06,1,48,39,56,-1.175
SKU10030,Grocery,2025-01-13,2,43,35,50,-1.175
SKU10030,Grocery,2025-01-20,3,41,33,48,-1.175
SKU10030,Grocery,2025-01-27,4,45,36,53,-1.175
SKU10030,Grocery,2025-02-03,5,38,31,44,-1.175
SKU10030,Grocery,2025-02-10,6,38,31,44,-1.175
SKU10030,Grocery,2025-02-17,7,38,31,44,-1.175
SKU10030,Grocery,2025-02-24,8,36,29,42,-1.175
SKU10030,Grocery,2025-03-03,9,36,29,42,-1.175
SKU10030,Grocery,2025-03-10,10,34,27,40,-1.175
SKU10030,Grocery,2025-03-17,11,34,27,40,-1.175
SKU10030,Grocery,2025-03-24,12,32,26,37,-1.175
SKU10031,Electronics,2025-01-06,1,1636,1341,1930,9.567
SKU10031,Electronics,2025-01-13,2,1756,1439,2072,9.567
SKU10031,Electronics,2025-01-20,3,1784,1462,2105,9.567
SKU10031,Electronics,2025-01-27,4,1710,1402,2017,9.567
SKU10031,Electronics,2025-02-03,5,1665,1365,1964,9.567
SKU10031,Electronics,2025-02-10,6,1623,1330,1915,9.567
SKU10031,Electronics,2025-02-17,7,1531,1255,1806,9.567
SKU10031,Electronics,2025-02-24,8,1601,1312,1889,9.567
SKU10031,Electronics,2025-03-03,9,1681,1378,1983,9.567
SKU10031,Electronics,2025-03-10,10,1825,1496,2153,9.567
SKU10031,Electronics,2025-03-17,11,1712,1403,2020,9.567
SKU10031,Electronics,2025-03-24,12,1749,1434,2063,9.567
SKU10032,Grocery,2025-01-06,1,1227,1006,1447,5.61
SKU10032,Grocery,2025-01-13,2,1306,1070,1541,5.61
SKU10032,Grocery,2025-01-20,3,1280,1049,1510,5.61
SKU10032,Grocery,2025-01-27,4,1219,999,1438,5.61
SKU10032,Grocery,2025-02-03,5,1227,1006,1447,5.61
SKU10032,Grocery,2025-02-10,6,1217,997,1436,5.61
SKU10032,Grocery,2025-02-17,7,1149,942,1355,5.61
SKU10032,Grocery,2025-02-24,8,1258,1031,1484,5.61
SKU10032,Grocery,2025-03-03,9,1386,1136,1635,5.61
SKU10032,Grocery,2025-03-10,10,1262,1034,1489,5.61
SKU10032,Grocery,2025-03-17,11,1266,1038,1493,5.61
SKU10032,Grocery,2025-03-24,12,1312,1075,1548,5.61
SKU10033,Automotive,2025-01-06,1,1635,1340,1929,9.559
SKU10033,Automotive,2025-01-13,2,1559,1278,1839,9.559
SKU10033,Automotive,2025-01-20,3,1639,1343,1934,9.559
SKU10033,Automotive,2025-01-27,4,1558,1277,1838,9.559
SKU10033,Automotive,2025-02-03,5,1530,1254,1805,9.559
SKU10033,Automotive,2025-02-10,6,1491,1222,1759,9.559
SKU10033,Automotive,2025-02-17,7,1309,1073,1544,9.559
SKU10033,Automotive,2025-02-24,8,1638,1343,1932,9.559
SKU10033,Automotive,2025-03-03,9,1504,1233,1774,9.559
SKU10033,Automotive,2025-03-10,10,1688,1384,1991,9.559
SKU10033,Automotive,2025-03-17,11,1721,1411,2030,9.559
SKU10033,Automotive,2025-03-24,12,1668,1367,1968,9.559
SKU10034,Electronics,2025-01-06,1,1755,1439,2070,8.663
SKU10034,Electronics,2025-01-13,2,1758,1441,2074,8.663
SKU10034,Electronics,2025-01-20,3,1884,1544,2223,8.663
SKU10034,Electronics,2025-01-27,4,1728,1416,2039,8.663
SKU10034,Electronics,2025-02-03,5,1862,1526,2197,8.663
SKU10034,Electronics,2025-02-10,6,1740,1426,2053,8.663
SKU10034,Electronics,2025-02-17,7,1721,1411,2030,8.663
SKU10034,Electronics,2025-02-24,8,1760,1443,2076,8.663
SKU10034,Electronics,2025-03-03,9,1795,1471,2118,8.663
SKU10034,Electronics,2025-03-10,10,1833,1503,2162,8.663
SKU10034,Electronics,2025-03-17,11,1882,1543,2220,8.663
SKU10034,Electronics,2025-03-24,12,1792,1469,2114,8.663
SKU10035,Industrial,2025-01-06,1,160,131,188,0.222
SKU10035,Industrial,2025-01-13,2,149,122,175,0.222
SKU10035,Industrial,2025-01-20,3,166,136,195,0.222
SKU10035,Industrial,2025-01-27,4,174,142,205,0.222
SKU10035,Industrial,2025-02-03,5,165,135,194,0.222
SKU10035,Industrial,2025-02-10,6,178,145,210,0.222
SKU10035,Industrial,2025-02-17,7,170,139,200,0.222
SKU10035,Industrial,2025-02-24,8,165,135,194,0.222
SKU10035,Industrial,2025-03-03,9,164,134,193,0.222
SKU10035,Industrial,2025-03-10,10,175,143,206,0.222
SKU10035,Industrial,2025-03-17,11,177,145,208,0.222
SKU10035,Industrial,2025-03-24,12,171,140,201,0.222
SKU10036,Healthcare,2025-01-06,1,1965,1611,2318,9.135
SKU10036,Healthcare,2025-01-13,2,2126,1743,2508,9.135
SKU10036,Healthcare,2025-01-20,3,1914,1569,2258,9.135
SKU10036,Healthcare,2025-01-27,4,2045,1676,2413,9.135
SKU10036,Healthcare,2025-02-03,5,1902,1559,2244,9.135
SKU10036,Healthcare,2025-02-10,6,1866,1530,2201,9.135
SKU10036,Healthcare,2025-02-17,7,1723,1412,2033,9.135
SKU10036,Healthcare,2025-02-24,8,1941,1591,2290,9.135
SKU10036,Healthcare,2025-03-03,9,1980,1623,2336,9.135
SKU10036,Healthcare,2025-03-10,10,1957,1604,2309,9.135
SKU10036,Healthcare,2025-03-17,11,2000,1640,2360,9.135
SKU10036,Healthcare,2025-03-24,12,2032,1666,2397,9.135
SKU10037,Apparel,2025-01-06,1,394,323,464,2.465
SKU10037,Apparel,2025-01-13,2,411,337,484,2.465
SKU10037,Apparel,2025-01-20,3,398,326,469,2.465
SKU10037,Apparel,2025-01-27,4,412,337,486,2.465
SKU10037,Apparel,2025-02-03,5,364,298,429,2.465
SKU10037,Apparel,2025-02-10,6,382,313,450,2.465
SKU10037,Apparel,2025-02-17,7,404,331,476,2.465
SKU10037,Apparel,2025-02-24,8,369,302,435,2.465
SKU10037,Apparel,2025-03-03,9,494,405,582,2.465
SKU10037,Apparel,2025-03-10,10,470,385,554,2.465
SKU10037,Apparel,2025-03-17,11,465,381,548,2.465
SKU10037,Apparel,2025-03-24,12,471,386,555,2.465
SKU10038,Industrial,2025-01-06,1,173,141,204,-0.967
SKU10038,Industrial,2025-01-13,2,167,136,197,-0.967
SKU10038,Industrial,2025-01-20,3,183,150,215,-0.967
SKU10038,Industrial,2025-01-27,4,177,145,208,-0.967
SKU10038,Industrial,2025-02-03,5,165,135,194,-0.967
SKU10038,Industrial,2025-02-10,6,170,139,200,-0.967
SKU10038,Industrial,2025-02-17,7,161,132,189,-0.967
SKU10038,Industrial,2025-02-24,8,160,131,188,-0.967
SKU10038,Industrial,2025-03-03,9,171,140,201,-0.967
SKU10038,Industrial,2025-03-10,10,154,126,181,-0.967
SKU10038,Industrial,2025-03-17,11,161,132,189,-0.967
SKU10038,Industrial,2025-03-24,12,164,134,193,-0.967
SKU10039,Grocery,2025-01-06,1,967,792,1141,4.507
SKU10039,Grocery,2025-01-13,2,943,773,1112,4.507
SKU10039,Grocery,2025-01-20,3,978,801,1154,4.507
SKU10039,Grocery,2025-01-27,4,1082,887,1276,4.507
SKU10039,Grocery,2025-02-03,5,883,724,1041,4.507
SKU10039,Grocery,2025-02-10,6,880,721,1038,4.507
SKU10039,Grocery,2025-02-17,7,904,741,1066,4.507
SKU10039,Grocery,2025-02-24,8,959,786,1131,4.507
SKU10039,Grocery,2025-03-03,9,1012,829,1194,4.507
SKU10039,Grocery,2025-03-10,10,1073,879,1266,4.507
SKU10039,Grocery,2025-03-17,11,986,808,1163,4.507
SKU10039,Grocery,2025-03-24,12,1039,851,1226,4.507
SKU10040,Industrial,2025-01-06,1,677,555,798,1.837
SKU10040,Industrial,2025-01-13,2,703,576,829,1.837
SKU10040,Industrial,2025-01-20,3,745,610,879,1.837
SKU10040,Industrial,2025-01-27,4,670,549,790,1.837
SKU10040,Industrial,2025-02-03,5,694,569,818,1.837
SKU10040,Industrial,2025-02-10,6,651,533,768,1.837
SKU10040,Industrial,2025-02-17,7,672,551,792,1.837
SKU10040,Industrial,2025-02-24,8,653,535,770,1.837
SKU10040,Industrial,2025-03-03,9,762,624,899,1.837
SKU10040,Industrial,2025-03-10,10,683,560,805,1.837
SKU10040,Industrial,2025-03-17,11,714,585,842,1.837
SKU10040,Industrial,2025-03-24,12,733,601,864,1.837
SKU10041,Industrial,2025-01-06,1,1654,1356,1951,10.668
SKU10041,Industrial,2025-01-13,2,1689,1384,1993,10.668
SKU10041,Industrial,2025-01-20,3,1553,1273,1832,10.668
SKU10041,Industrial,2025-01-27,4,1687,1383,1990,10.668
SKU10041,Industrial,2025-02-03,5,1788,1466,2109,10.668
SKU10041,Industrial,2025-02-10,6,1770,1451,2088,10.668
SKU10041,Industrial,2025-02-17,7,1683,1380,1985,10.668
SKU10041,Industrial,2025-02-24,8,1948,1597,2298,10.668
SKU10041,Industrial,2025-03-03,9,1749,1434,2063,10.668
SKU10041,Industrial,2025-03-10,10,1720,1410,2029,10.668
SKU10041,Industrial,2025-03-17,11,1949,1598,2299,10.668
SKU10041,Industrial,2025-03-24,12,1935,1586,2283,10.668
SKU10042,Healthcare,2025-01-06,1,506,414,597,1.48
SKU10042,Healthcare,2025-01-13,2,477,391,562,1.48
SKU10042,Healthcare,2025-01-20,3,538,441,634,1.48
SKU10042,Healthcare,2025-01-27,4,511,419,602,1.48
SKU10042,Healthcare,2025-02-03,5,479,392,565,1.48
SKU10042,Healthcare,2025-02-10,6,488,400,575,1.48
SKU10042,Healthcare,2025-02-17,7,529,433,624,1.48
SKU10042,Healthcare,2025-02-24,8,564,462,665,1.48
SKU10042,Healthcare,2025-03-03,9,486,398,573,1.48
SKU10042,Healthcare,2025-03-10,10,472,387,556,1.48
SKU10042,Healthcare,2025-03-17,11,474,388,559,1.48
SKU10042,Healthcare,2025-03-24,12,519,425,612,1.48
SKU10043,Industrial,2025-01-06,1,424,347,500,-0.173
SKU10043,Industrial,2025-01-13,2,369,302,435,-0.173
SKU10043,Industrial,2025-01-20,3,363,297,428,-0.173
SKU10043,Industrial,2025-01-27,4,423,346,499,-0.173
SKU10043,Industrial,2025-02-03,5,420,344,495,-0.173
SKU10043,Industrial,2025-02-10,6,410,336,483,-0.173
SKU10043,Industrial,2025-02-17,7,393,322,463,-0.173
SKU10043,Industrial,2025-02-24,8,396,324,467,-0.173
SKU10043,Industrial,2025-03-03,9,446,365,526,-0.173
SKU10043,Industrial,2025-03-10,10,414,339,488,-0.173
SKU10043,Industrial,2025-03-17,11,407,333,480,-0.173
SKU10043,Industrial,2025-03-24,12,411,337,484,-0.173
SKU10044,Industrial,2025-01-06,1,467,382,551,3.111
SKU10044,Industrial,2025-01-13,2,489,400,577,3.111
SKU10044,Industrial,2025-01-20,3,500,410,590,3.111
SKU10044,Industrial,2025-01-27,4,492,403,580,3.111
SKU10044,Industrial,2025-02-03,5,532,436,627,3.111
SKU10044,Industrial,2025-02-10,6,488,400,575,3.111
SKU10044,Industrial,2025-02-17,7,473,387,558,3.111
SKU10044,Industrial,2025-02-24,8,493,404,581,3.111
SKU10044,Industrial,2025-03-03,9,521,427,614,3.111
SKU10044,Industrial,2025-03-10,10,479,392,565,3.111
SKU10044,Industrial,2025-03-17,11,541,443,638,3.111
SKU10044,Industrial,2025-03-24,12,563,461,664,3.111
SKU10045,Electronics,2025-01-06,1,564,462,665,0.292
SKU10045,Electronics,2025-01-13,2,517,423,610,0.292
SKU10045,Electronics,2025-01-20,3,516,423,608,0.292
SKU10045,Electronics,2025-01-27,4,514,421,606,0.292
SKU10045,Electronics,2025-02-03,5,516,423,608,0.292
SKU10045,Electronics,2025-02-10,6,532,436,627,0.292
SKU10045,Electronics,2025-02-17,7,512,419,604,0.292
SKU10045,Electronics,2025-02-24,8,474,388,559,0.292
SKU10045,Electronics,2025-03-03,9,495,405,584,0.292
SKU10045,Electronics,2025-03-10,10,546,447,644,0.292
SKU10045,Electronics,2025-03-17,11,547,448,645,0.292
SKU10045,Electronics,2025-03-24,12,552,452,651,0.292
SKU10046,Grocery,2025-01-06,1,310,254,365,-1.156
SKU10046,Grocery,2025-01-13,2,329,269,388,-1.156
SKU10046,Grocery,2025-01-20,3,322,264,379,-1.156
SKU10046,Grocery,2025-01-27,4,307,251,362,-1.156
SKU10046,Grocery,2025-02-03,5,283,232,333,-1.156
SKU10046,Grocery,2025-02-10,6,298,244,351,-1.156
SKU10046,Grocery,2025-02-17,7,319,261,376,-1.156
SKU10046,Grocery,2025-02-24,8,276,226,325,-1.156
SKU10046,Grocery,2025-03-03,9,291,238,343,-1.156
SKU10046,Grocery,2025-03-10,10,322,264,379,-1.156
SKU10046,Grocery,2025-03-17,11,297,243,350,-1.156
SKU10046,Grocery,2025-03-24,12,320,262,377,-1.156
SKU10047,Industrial,2025-01-06,1,817,669,964,2.961
SKU10047,Industrial,2025-01-13,2,821,673,968,2.961
SKU10047,Industrial,2025-01-20,3,840,688,991,2.961
SKU10047,Industrial,2025-01-27,4,805,660,949,2.961
SKU10047,Industrial,2025-02-03,5,835,684,985,2.961
SKU10047,Industrial,2025-02-10,6,911,747,1074,2.961
SKU10047,Industrial,2025-02-17,7,786,644,927,2.961
SKU10047,Industrial,2025-02-24,8,818,670,965,2.961
SKU10047,Industrial,2025-03-03,9,873,715,1030,2.961
SKU10047,Industrial,2025-03-10,10,908,744,1071,2.961
SKU10047,Industrial,2025-03-17,11,750,615,885,2.961
SKU10047,Industrial,2025-03-24,12,809,663,954,2.961
SKU10048,Electronics,2025-01-06,1,291,238,343,1.01
SKU10048,Electronics,2025-01-13,2,265,217,312,1.01
SKU10048,Electronics,2025-01-20,3,274,224,323,1.01
SKU10048,Electronics,2025-01-27,4,280,229,330,1.01
SKU10048,Electronics,2025-02-03,5,272,223,320,1.01
SKU10048,Electronics,2025-02-10,6,286,234,337,1.01
SKU10048,Electronics,2025-02-17,7,294,241,346,1.01
SKU10048,Electronics,2025-02-24,8,265,217,312,1.01
SKU10048,Electronics,2025-03-03,9,276,226,325,1.01
SKU10048,Electronics,2025-03-10,10,287,235,338,1.01
SKU10048,Electronics,2025-03-17,11,297,243,350,1.01
SKU10048,Electronics,2025-03-24,12,258,211,304,1.01
SKU10049,Healthcare,2025-01-06,1,1959,1606,2311,9.741
SKU10049,Healthcare,2025-01-13,2,2190,1795,2584,9.741
SKU10049,Healthcare,2025-01-20,3,1954,1602,2305,9.741
SKU10049,Healthcare,2025-01-27,4,2058,1687,2428,9.741
SKU10049,Healthcare,2025-02-03,5,1944,1594,2293,9.741
SKU10049,Healthcare,2025-02-10,6,2262,1854,2669,9.741
SKU10049,Healthcare,2025-02-17,7,1917,1571,2262,9.741
SKU10049,Healthcare,2025-02-24,8,2038,1671,2404,9.741
SKU10049,Healthcare,2025-03-03,9,1990,1631,2348,9.741
SKU10049,Healthcare,2025-03-10,10,2079,1704,2453,9.741
SKU10049,Healthcare,2025-03-17,11,2010,1648,2371,9.741
SKU10049,Healthcare,2025-03-24,12,2205,1808,2601,9.741
SKU10050,Healthcare,2025-01-06,1,413,338,487,1.874
SKU10050,Healthcare,2025-01-13,2,429,351,506,1.874
SKU10050,Healthcare,2025-01-20,3,418,342,493,1.874
SKU10050,Healthcare,2025-01-27,4,404,331,476,1.874
SKU10050,Healthcare,2025-02-03,5,437,358,515,1.874
SKU10050,Healthcare,2025-02-10,6,436,357,514,1.874
SKU10050,Healthcare,2025-02-17,7,435,356,513,1.874
SKU10050,Healthcare,2025-02-24,8,427,350,503,1.874
SKU10050,Healthcare,2025-03-03,9,363,297,428,1.874
SKU10050,Healthcare,2025-03-10,10,396,324,467,1.874
SKU10050,Healthcare,2025-03-17,11,368,301,434,1.874
SKU10050,Healthcare,2025-03-24,12,412,337,486,1.874
SKU10051,Electronics,2025-01-06,1,107,87,126,-2.855
SKU10051,Electronics,2025-01-13,2,96,78,113,-2.855
SKU10051,Electronics,2025-01-20,3,97,79,114,-2.855
SKU10051,Electronics,2025-01-27,4,91,74,107,-2.855
SKU10051,Electronics,2025-02-03,5,80,65,94,-2.855
SKU10051,Electronics,2025-02-10,6,86,70,101,-2.855
SKU10051,Electronics,2025-02-17,7,79,64,93,-2.855
SKU10051,Electronics,2025-02-24,8,77,63,90,-2.855
SKU10051,Electronics,2025-03-03,9,75,61,88,-2.855
SKU10051,Electronics,2025-03-10,10,72,59,84,-2.855
SKU10051,Electronics,2025-03-17,11,74,60,87,-2.855
SKU10051,Electronics,2025-03-24,12,72,59,84,-2.855
SKU10052,Healthcare,2025-01-06,1,354,290,417,1.129
SKU10052,Healthcare,2025-01-13,2,362,296,427,1.129
SKU10052,Healthcare,2025-01-20,3,349,286,411,1.129
SKU10052,Healthcare,2025-01-27,4,346,283,408,1.129
SKU10052,Healthcare,2025-02-03,5,348,285,410,1.129
SKU10052,Healthcare,2025-02-10,6,380,311,448,1.129
SKU10052,Healthcare,2025-02-17,7,377,309,444,1.129
SKU10052,Healthcare,2025-02-24,8,370,303,436,1.129
SKU10052,Healthcare,2025-03-03,9,362,296,427,1.129
SKU10052,Healthcare,2025-03-10,10,337,276,397,1.129
SKU10052,Healthcare,2025-03-17,11,350,287,413,1.129
SKU10052,Healthcare,2025-03-24,12,342,280,403,1.129
SKU10053,Healthcare,2025-01-06,1,897,735,1058,4.236
SKU10053,Healthcare,2025-01-13,2,884,724,1043,4.236
SKU10053,Healthcare,2025-01-20,3,969,794,1143,4.236
SKU10053,Healthcare,2025-01-27,4,851,697,1004,4.236
SKU10053,Healthcare,2025-02-03,5,943,773,1112,4.236
SKU10053,Healthcare,2025-02-10,6,860,705,1014,4.236
SKU10053,Healthcare,2025-02-17,7,889,728,1049,4.236
SKU10053,Healthcare,2025-02-24,8,820,672,967,4.236
SKU10053,Healthcare,2025-03-03,9,888,728,1047,4.236
SKU10053,Healthcare,2025-03-10,10,819,671,966,4.236
SKU10053,Healthcare,2025-03-17,11,788,646,929,4.236
SKU10053,Healthcare,2025-03-24,12,911,747,1074,4.236
SKU10054,Apparel,2025-01-06,1,1173,961,1384,6.153
SKU10054,Apparel,2025-01-13,2,1160,951,1368,6.153
SKU10054,Apparel,2025-01-20,3,1183,970,1395,6.153
SKU10054,Apparel,2025-01-27,4,1198,982,1413,6.153
SKU10054,Apparel,2025-02-03,5,1197,981,1412,6.153
SKU10054,Apparel,2025-02-10,6,1154,946,1361,6.153
SKU10054,Apparel,2025-02-17,7,1111,911,1310,6.153
SKU10054,Apparel,2025-02-24,8,1150,943,1357,6.153
SKU10054,Apparel,2025-03-03,9,1284,1052,1515,6.153
SKU10054,Apparel,2025-03-10,10,1292,1059,1524,6.153
SKU10054,Apparel,2025-03-17,11,1345,1102,1587,6.153
SKU10054,Apparel,2025-03-24,12,1361,1116,1605,6.153
SKU10055,Grocery,2025-01-06,1,162,132,191,-0.328
SKU10055,Grocery,2025-01-13,2,160,131,188,-0.328
SKU10055,Grocery,2025-01-20,3,164,134,193,-0.328
SKU10055,Grocery,2025-01-27,4,167,136,197,-0.328
SKU10055,Grocery,2025-02-03,5,157,128,185,-0.328
SKU10055,Grocery,2025-02-10,6,147,120,173,-0.328
SKU10055,Grocery,2025-02-17,7,161,132,189,-0.328
SKU10055,Grocery,2025-02-24,8,175,143,206,-0.328
SKU10055,Grocery,2025-03-03,9,146,119,172,-0.328
SKU10055,Grocery,2025-03-10,10,160,131,188,-0.328
SKU10055,Grocery,2025-03-17,11,151,123,178,-0.328
SKU10055,Grocery,2025-03-24,12,159,130,187,-0.328
SKU10056,Healthcare,2025-01-06,1,395,323,466,1.341
SKU10056,Healthcare,2025-01-13,2,432,354,509,1.341
SKU10056,Healthcare,2025-01-20,3,400,328,472,1.341
SKU10056,Healthcare,2025-01-27,4,452,370,533,1.341
SKU10056,Healthcare,2025-02-03,5,415,340,489,1.341
SKU10056,Healthcare,2025-02-10,6,375,307,442,1.341
SKU10056,Healthcare,2025-02-17,7,432,354,509,1.341
SKU10056,Healthcare,2025-02-24,8,372,305,438,1.341
SKU10056,Healthcare,2025-03-03,9,434,355,512,1.341
SKU10056,Healthcare,2025-03-10,10,421,345,496,1.341
SKU10056,Healthcare,2025-03-17,11,376,308,443,1.341
SKU10056,Healthcare,2025-03-24,12,411,337,484,1.341
SKU10057,Electronics,2025-01-06,1,1136,931,1340,4.27
SKU10057,Electronics,2025-01-13,2,1118,916,1319,4.27
SKU10057,Electronics,2025-01-20,3,1153,945,1360,4.27
SKU10057,Electronics,2025-01-27,4,1189,974,1403,4.27
SKU10057,Electronics,2025-02-03,5,1071,878,1263,4.27
SKU10057,Electronics,2025-02-10,6,1190,975,1404,4.27
SKU10057,Electronics,2025-02-17,7,1052,862,1241,4.27
SKU10057,Electronics,2025-02-24,8,1082,887,1276,4.27
SKU10057,Electronics,2025-03-03,9,1166,956,1375,4.27
SKU10057,Electronics,2025-03-10,10,1167,956,1377,4.27
SKU10057,Electronics,2025-03-17,11,1166,956,1375,4.27
SKU10057,Electronics,2025-03-24,12,1242,1018,1465,4.27
SKU10058,Automotive,2025-01-06,1,1126,923,1328,5.83
SKU10058,Automotive,2025-01-13,2,1085,889,1280,5.83
SKU10058,Automotive,2025-01-20,3,1074,880,1267,5.83
SKU10058,Automotive,2025-01-27,4,1026,841,1210,5.83
SKU10058,Automotive,2025-02-03,5,996,816,1175,5.83
SKU10058,Automotive,2025-02-10,6,1107,907,1306,5.83
SKU10058,Automotive,2025-02-17,7,1046,857,1234,5.83
SKU10058,Automotive,2025-02-24,8,1141,935,1346,5.83
SKU10058,Automotive,2025-03-03,9,1172,961,1382,5.83
SKU10058,Automotive,2025-03-10,10,1192,977,1406,5.83
SKU10058,Automotive,2025-03-17,11,1170,959,1380,5.83
SKU10058,Automotive,2025-03-24,12,1258,1031,1484,5.83
SKU10059,Automotive,2025-01-06,1,238,195,280,0.407
SKU10059,Automotive,2025-01-13,2,205,168,241,0.407
SKU10059,Automotive,2025-01-20,3,241,197,284,0.407
SKU10059,Automotive,2025-01-27,4,225,184,265,0.407
SKU10059,Automotive,2025-02-03,5,221,181,260,0.407
SKU10059,Automotive,2025-02-10,6,246,201,290,0.407
SKU10059,Automotive,2025-02-17,7,240,196,283,0.407
SKU10059,Automotive,2025-02-24,8,221,181,260,0.407
SKU10059,Automotive,2025-03-03,9,256,209,302,0.407
SKU10059,Automotive,2025-03-10,10,268,219,316,0.407
SKU10059,Automotive,2025-03-17,11,244,200,287,0.407
SKU10059,Automotive,2025-03-24,12,249,204,293,0.407
SKU10060,Grocery,2025-01-06,1,763,625,900,3.303
SKU10060,Grocery,2025-01-13,2,820,672,967,3.303
SKU10060,Grocery,2025-01-20,3,744,610,877,3.303
SKU10060,Grocery,2025-01-27,4,836,685,986,3.303
SKU10060,Grocery,2025-02-03,5,748,613,882,3.303
SKU10060,Grocery,2025-02-10,6,859,704,1013,3.303
SKU10060,Grocery,2025-02-17,7,751,615,886,3.303
SKU10060,Grocery,2025-02-24,8,772,633,910,3.303
SKU10060,Grocery,2025-03-03,9,871,714,1027,3.303
SKU10060,Grocery,2025-03-10,10,838,687,988,3.303
SKU10060,Grocery,2025-03-17,11,793,650,935,3.303
SKU10060,Grocery,2025-03-24,12,753,617,888,3.303
SKU10061,Automotive,2025-01-06,1,655,537,772,1.809
SKU10061,Automotive,2025-01-13,2,671,550,791,1.809
SKU10061,Automotive,2025-01-20,3,636,521,750,1.809
SKU10061,Automotive,2025-01-27,4,659,540,777,1.809
SKU10061,Automotive,2025-02-03,5,702,575,828,1.809
SKU10061,Automotive,2025-02-10,6,609,499,718,1.809
SKU10061,Automotive,2025-02-17,7,647,530,763,1.809
SKU10061,Automotive,2025-02-24,8,631,517,744,1.809
SKU10061,Automotive,2025-03-03,9,671,550,791,1.809
SKU10061,Automotive,2025-03-10,10,690,565,814,1.809
SKU10061,Automotive,2025-03-17,11,653,535,770,1.809
SKU10061,Automotive,2025-03-24,12,740,606,873,1.809
SKU10062,Grocery,2025-01-06,1,468,383,552,2.366
SKU10062,Grocery,2025-01-13,2,445,364,525,2.366
SKU10062,Grocery,2025-01-20,3,480,393,566,2.366
SKU10062,Grocery,2025-01-27,4,494,405,582,2.366
SKU10062,Grocery,2025-02-03,5,516,423,608,2.366
SKU10062,Grocery,2025-02-10,6,472,387,556,2.366
SKU10062,Grocery,2025-02-17,7,429,351,506,2.366
SKU10062,Grocery,2025-02-24,8,524,429,618,2.366
SKU10062,Grocery,2025-03-03,9,522,428,615,2.366
SKU10062,Grocery,2025-03-10,10,484,396,571,2.366
SKU10062,Grocery,2025-03-17,11,542,444,639,2.366
SKU10062,Grocery,2025-03-24,12,469,384,553,2.366
SKU10063,Grocery,2025-01-06,1,358,293,422,1.594
SKU10063,Grocery,2025-01-13,2,326,267,384,1.594
SKU10063,Grocery,2025-01-20,3,370,303,436,1.594
SKU10063,Grocery,2025-01-27,4,375,307,442,1.594
SKU10063,Grocery,2025-02-03,5,343,281,404,1.594
SKU10063,Grocery,2025-02-10,6,378,309,446,1.594
SKU10063,Grocery,2025-02-17,7,349,286,411,1.594
SKU10063,Grocery,2025-02-24,8,331,271,390,1.594
SKU10063,Grocery,2025-03-03,9,353,289,416,1.594
SKU10063,Grocery,2025-03-10,10,369,302,435,1.594
SKU10063,Grocery,2025-03-17,11,371,304,437,1.594
SKU10063,Grocery,2025-03-24,12,356,291,420,1.594
SKU10064,Automotive,2025-01-06,1,221,181,260,0.043
SKU10064,Automotive,2025-01-13,2,240,196,283,0.043
SKU10064,Automotive,2025-01-20,3,245,200,289,0.043
SKU10064,Automotive,2025-01-27,4,252,206,297,0.043
SKU10064,Automotive,2025-02-03,5,227,186,267,0.043
SKU10064,Automotive,2025-02-10,6,231,189,272,0.043
SKU10064,Automotive,2025-02-17,7,223,182,263,0.043
SKU10064,Automotive,2025-02-24,8,223,182,263,0.043
SKU10064,Automotive,2025-03-03,9,237,194,279,0.043
SKU10064,Automotive,2025-03-10,10,235,192,277,0.043
SKU10064,Automotive,2025-03-17,11,234,191,276,0.043
SKU10064,Automotive,2025-03-24,12,251,205,296,0.043
SKU10065,Industrial,2025-01-06,1,1706,1398,2013,10.323
SKU10065,Industrial,2025-01-13,2,1850,1517,2183,10.323
SKU10065,Industrial,2025-01-20,3,1799,1475,2122,10.323
SKU10065,Industrial,2025-01-27,4,1750,1435,2065,10.323
SKU10065,Industrial,2025-02-03,5,1704,1397,2010,10.323
SKU10065,Industrial,2025-02-10,6,1776,1456,2095,10.323
SKU10065,Industrial,2025-02-17,7,1892,1551,2232,10.323
SKU10065,Industrial,2025-02-24,8,1735,1422,2047,10.323
SKU10065,Industrial,2025-03-03,9,2004,1643,2364,10.323
SKU10065,Industrial,2025-03-10,10,1837,1506,2167,10.323
SKU10065,Industrial,2025-03-17,11,1923,1576,2269,10.323
SKU10065,Industrial,2025-03-24,12,1928,1580,2275,10.323
SKU10066,Grocery,2025-01-06,1,1,0,1,-0.591
SKU10066,Grocery,2025-01-13,2,1,0,1,-0.591
SKU10066,Grocery,2025-01-20,3,1,0,1,-0.591
SKU10066,Grocery,2025-01-27,4,1,0,1,-0.591
SKU10066,Grocery,2025-02-03,5,1,0,1,-0.591
SKU10066,Grocery,2025-02-10,6,1,0,1,-0.591
SKU10066,Grocery,2025-02-17,7,1,0,1,-0.591
SKU10066,Grocery,2025-02-24,8,1,0,1,-0.591
SKU10066,Grocery,2025-03-03,9,1,0,1,-0.591
SKU10066,Grocery,2025-03-10,10,1,0,1,-0.591
SKU10066,Grocery,2025-03-17,11,1,0,1,-0.591
SKU10066,Grocery,2025-03-24,12,1,0,1,-0.591
SKU10067,Grocery,2025-01-06,1,993,814,1171,4.178
SKU10067,Grocery,2025-01-13,2,1082,887,1276,4.178
SKU10067,Grocery,2025-01-20,3,1022,838,1205,4.178
SKU10067,Grocery,2025-01-27,4,1048,859,1236,4.178
SKU10067,Grocery,2025-02-03,5,1084,888,1279,4.178
SKU10067,Grocery,2025-02-10,6,920,754,1085,4.178
SKU10067,Grocery,2025-02-17,7,1057,866,1247,4.178
SKU10067,Grocery,2025-02-24,8,1069,876,1261,4.178
SKU10067,Grocery,2025-03-03,9,1002,821,1182,4.178
SKU10067,Grocery,2025-03-10,10,1060,869,1250,4.178
SKU10067,Grocery,2025-03-17,11,1001,820,1181,4.178
SKU10067,Grocery,2025-03-24,12,1081,886,1275,4.178
SKU10068,Automotive,2025-01-06,1,1,0,1,-0.69
SKU10068,Automotive,2025-01-13,2,1,0,1,-0.69
SKU10068,Automotive,2025-01-20,3,1,0,1,-0.69
SKU10068,Automotive,2025-01-27,4,1,0,1,-0.69
SKU10068,Automotive,2025-02-03,5,1,0,1,-0.69
SKU10068,Automotive,2025-02-10,6,1,0,1,-0.69
SKU10068,Automotive,2025-02-17,7,1,0,1,-0.69
SKU10068,Automotive,2025-02-24,8,1,0,1,-0.69
SKU10068,Automotive,2025-03-03,9,1,0,1,-0.69
SKU10068,Automotive,2025-03-10,10,1,0,1,-0.69
SKU10068,Automotive,2025-03-17,11,1,0,1,-0.69
SKU10068,Automotive,2025-03-24,12,1,0,1,-0.69
SKU10069,Automotive,2025-01-06,1,1776,1456,2095,10.768
SKU10069,Automotive,2025-01-13,2,1773,1453,2092,10.768
SKU10069,Automotive,2025-01-20,3,1724,1413,2034,10.768
SKU10069,Automotive,2025-01-27,4,1794,1471,2116,10.768
SKU10069,Automotive,2025-02-03,5,1550,1271,1829,10.768
SKU10069,Automotive,2025-02-10,6,1756,1439,2072,10.768
SKU10069,Automotive,2025-02-17,7,1729,1417,2040,10.768
SKU10069,Automotive,2025-02-24,8,1651,1353,1948,10.768
SKU10069,Automotive,2025-03-03,9,1690,1385,1994,10.768
SKU10069,Automotive,2025-03-10,10,1934,1585,2282,10.768
SKU10069,Automotive,2025-03-17,11,1857,1522,2191,10.768
SKU10069,Automotive,2025-03-24,12,1754,1438,2069,10.768
SKU10070,Grocery,2025-01-06,1,505,414,595,0.866
SKU10070,Grocery,2025-01-13,2,455,373,536,0.866
SKU10070,Grocery,2025-01-20,3,453,371,534,0.866
SKU10070,Grocery,2025-01-27,4,461,378,543,0.866
SKU10070,Grocery,2025-02-03,5,461,378,543,0.866
SKU10070,Grocery,2025-02-10,6,481,394,567,0.866
SKU10070,Grocery,2025-02-17,7,472,387,556,0.866
SKU10070,Grocery,2025-02-24,8,472,387,556,0.866
SKU10070,Grocery,2025-03-03,9,508,416,599,0.866
SKU10070,Grocery,2025-03-10,10,504,413,594,0.866
SKU10070,Grocery,2025-03-17,11,484,396,571,0.866
SKU10070,Grocery,2025-03-24,12,501,410,591,0.866
SKU10071,Healthcare,2025-01-06,1,29,23,34,-0.676
SKU10071,Healthcare,2025-01-13,2,24,19,28,-0.676
SKU10071,Healthcare,2025-01-20,3,26,21,30,-0.676
SKU10071,Healthcare,2025-01-27,4,22,18,25,-0.676
SKU10071,Healthcare,2025-02-03,5,22,18,25,-0.676
SKU10071,Healthcare,2025-02-10,6,23,18,27,-0.676
SKU10071,Healthcare,2025-02-17,7,22,18,25,-0.676
SKU10071,Healthcare,2025-02-24,8,22,18,25,-0.676
SKU10071,Healthcare,2025-03-03,9,21,17,24,-0.676
SKU10071,Healthcare,2025-03-10,10,19,15,22,-0.676
SKU10071,Healthcare,2025-03-17,11,18,14,21,-0.676
SKU10071,Healthcare,2025-03-24,12,18,14,21,-0.676
SKU10072,Industrial,2025-01-06,1,1043,855,1230,5.123
SKU10072,Industrial,2025-01-13,2,964,790,1137,5.123
SKU10072,Industrial,2025-01-20,3,1021,837,1204,5.123
SKU10072,Industrial,2025-01-27,4,1175,963,1386,5.123
SKU10072,Industrial,2025-02-03,5,1175,963,1386,5.123
SKU10072,Industrial,2025-02-10,6,1040,852,1227,5.123
SKU10072,Industrial,2025-02-17,7,1006,824,1187,5.123
SKU10072,Industrial,2025-02-24,8,1215,996,1433,5.123
SKU10072,Industrial,2025-03-03,9,1171,960,1381,5.123
SKU10072,Industrial,2025-03-10,10,1211,993,1428,5.123
SKU10072,Industrial,2025-03-17,11,1139,933,1344,5.123
SKU10072,Industrial,2025-03-24,12,1305,1070,1539,5.123
SKU10073,Industrial,2025-01-06,1,1594,1307,1880,8.824
SKU10073,Industrial,2025-01-13,2,1495,1225,1764,8.824
SKU10073,Industrial,2025-01-20,3,1439,1179,1698,8.824
SKU10073,Industrial,2025-01-27,4,1558,1277,1838,8.824
SKU10073,Industrial,2025-02-03,5,1381,1132,1629,8.824
SKU10073,Industrial,2025-02-10,6,1562,1280,1843,8.824
SKU10073,Industrial,2025-02-17,7,1483,1216,1749,8.824
SKU10073,Industrial,2025-02-24,8,1532,1256,1807,8.824
SKU10073,Industrial,2025-03-03,9,1580,1295,1864,8.824
SKU10073,Industrial,2025-03-10,10,1741,1427,2054,8.824
SKU10073,Industrial,2025-03-17,11,1824,1495,2152,8.824
SKU10073,Industrial,2025-03-24,12,1593,1306,1879,8.824
SKU10074,Apparel,2025-01-06,1,895,733,1056,4.857
SKU10074,Apparel,2025-01-13,2,924,757,1090,4.857
SKU10074,Apparel,2025-01-20,3,917,751,1082,4.857
SKU10074,Apparel,2025-01-27,4,915,750,1079,4.857
SKU10074,Apparel,2025-02-03,5,919,753,1084,4.857
SKU10074,Apparel,2025-02-10,6,871,714,1027,4.857
SKU10074,Apparel,2025-02-17,7,897,735,1058,4.857
SKU10074,Apparel,2025-02-24,8,845,692,997,4.857
SKU10074,Apparel,2025-03-03,9,1048,859,1236,4.857
SKU10074,Apparel,2025-03-10,10,1071,878,1263,4.857
SKU10074,Apparel,2025-03-17,11,1010,828,1191,4.857
SKU10074,Apparel,2025-03-24,12,994,815,1172,4.857
SKU10075,Grocery,2025-01-06,1,305,250,359,0.202
SKU10075,Grocery,2025-01-13,2,281,230,331,0.202
SKU10075,Grocery,2025-01-20,3,306,250,361,0.202
SKU10075,Grocery,2025-01-27,4,302,247,356,0.202
SKU10075,Grocery,2025-02-03,5,300,245,354,0.202
SKU10075,Grocery,2025-02-10,6,301,246,355,0.202
SKU10075,Grocery,2025-02-17,7,294,241,346,0.202
SKU10075,Grocery,2025-02-24,8,304,249,358,0.202
SKU10075,Grocery,2025-03-03,9,277,227,326,0.202
SKU10075,Grocery,2025-03-10,10,282,231,332,0.202
SKU10075,Grocery,2025-03-17,11,328,268,387,0.202
SKU10075,Grocery,2025-03-24,12,290,237,342,0.202
SKU10076,Industrial,2025-01-06,1,354,290,417,1.582
SKU10076,Industrial,2025-01-13,2,370,303,436,1.582
SKU10076,Industrial,2025-01-20,3,388,318,457,1.582
SKU10076,Industrial,2025-01-27,4,390,319,460,1.582
SKU10076,Industrial,2025-02-03,5,410,336,483,1.582
SKU10076,Industrial,2025-02-10,6,380,311,448,1.582
SKU10076,Industrial,2025-02-17,7,402,329,474,1.582
SKU10076,Industrial,2025-02-24,8,367,300,433,1.582
SKU10076,Industrial,2025-03-03,9,395,323,466,1.582
SKU10076,Industrial,2025-03-10,10,385,315,454,1.582
SKU10076,Industrial,2025-03-17,11,389,318,459,1.582
SKU10076,Industrial,2025-03-24,12,376,308,443,1.582
SKU10077,Apparel,2025-01-06,1,21,17,24,-0.714
SKU10077,Apparel,2025-01-13,2,23,18,27,-0.714
SKU10077,Apparel,2025-01-20,3,21,17,24,-0.714
SKU10077,Apparel,2025-01-27,4,20,16,23,-0.714
SKU10077,Apparel,2025-02-03,5,18,14,21,-0.714
SKU10077,Apparel,2025-02-10,6,18,14,21,-0.714
SKU10077,Apparel,2025-02-17,7,17,13,20,-0.714
SKU10077,Apparel,2025-02-24,8,16,13,18,-0.714
SKU10077,Apparel,2025-03-03,9,20,16,23,-0.714
SKU10077,Apparel,2025-03-10,10,18,14,21,-0.714
SKU10077,Apparel,2025-03-17,11,18,14,21,-0.714
SKU10077,Apparel,2025-03-24,12,18,14,21,-0.714
SKU10078,Automotive,2025-01-06,1,805,660,949,2.655
SKU10078,Automotive,2025-01-13,2,817,669,964,2.655
SKU10078,Automotive,2025-01-20,3,803,658,947,2.655
SKU10078,Automotive,2025-01-27,4,833,683,982,2.655
SKU10078,Automotive,2025-02-03,5,735,602,867,2.655
SKU10078,Automotive,2025-02-10,6,760,623,896,2.655
SKU10078,Automotive,2025-02-17,7,794,651,936,2.655
SKU10078,Automotive,2025-02-24,8,823,674,971,2.655
SKU10078,Automotive,2025-03-03,9,867,710,1023,2.655
SKU10078,Automotive,2025-03-10,10,937,768,1105,2.655
SKU10078,Automotive,2025-03-17,11,810,664,955,2.655
SKU10078,Automotive,2025-03-24,12,842,690,993,2.655
SKU10079,Grocery,2025-01-06,1,889,728,1049,4.147
SKU10079,Grocery,2025-01-13,2,945,774,1115,4.147
SKU10079,Grocery,2025-01-20,3,967,792,1141,4.147
SKU10079,Grocery,2025-01-27,4,931,763,1098,4.147
SKU10079,Grocery,2025-02-03,5,906,742,1069,4.147
SKU10079,Grocery,2025-02-10,6,953,781,1124,4.147
SKU10079,Grocery,2025-02-17,7,1010,828,1191,4.147
SKU10079,Grocery,2025-02-24,8,923,756,1089,4.147
SKU10079,Grocery,2025-03-03,9,937,768,1105,4.147
SKU10079,Grocery,2025-03-10,10,870,713,1026,4.147
SKU10079,Grocery,2025-03-17,11,888,728,1047,4.147
SKU10079,Grocery,2025-03-24,12,989,810,1167,4.147
SKU10080,Grocery,2025-01-06,1,59,48,69,-0.265
SKU10080,Grocery,2025-01-13,2,55,45,64,-0.265
SKU10080,Grocery,2025-01-20,3,56,45,66,-0.265
SKU10080,Grocery,2025-01-27,4,59,48,69,-0.265
SKU10080,Grocery,2025-02-03,5,52,42,61,-0.265
SKU10080,Grocery,2025-02-10,6,54,44,63,-0.265
SKU10080,Grocery,2025-02-17,7,52,42,61,-0.265
SKU10080,Grocery,2025-02-24,8,56,45,66,-0.265
SKU10080,Grocery,2025-03-03,9,51,41,60,-0.265
SKU10080,Grocery,2025-03-10,10,54,44,63,-0.265
SKU10080,Grocery,2025-03-17,11,55,45,64,-0.265
SKU10080,Grocery,2025-03-24,12,57,46,67,-0.265
SKU10081,Apparel,2025-01-06,1,134,109,158,0.481
SKU10081,Apparel,2025-01-13,2,128,104,151,0.481
SKU10081,Apparel,2025-01-20,3,135,110,159,0.481
SKU10081,Apparel,2025-01-27,4,141,115,166,0.481
SKU10081,Apparel,2025-02-03,5,117,95,138,0.481
SKU10081,Apparel,2025-02-10,6,129,105,152,0.481
SKU10081,Apparel,2025-02-17,7,125,102,147,0.481
SKU10081,Apparel,2025-02-24,8,126,103,148,0.481
SKU10081,Apparel,2025-03-03,9,146,119,172,0.481
SKU10081,Apparel,2025-03-10,10,145,118,171,0.481
SKU10081,Apparel,2025-03-17,11,138,113,162,0.481
SKU10081,Apparel,2025-03-24,12,153,125,180,0.481
SKU10082,Grocery,2025-01-06,1,300,245,354,0.13
SKU10082,Grocery,2025-01-13,2,275,225,324,0.13
SKU10082,Grocery,2025-01-20,3,283,232,333,0.13
SKU10082,Grocery,2025-01-27,4,282,231,332,0.13
SKU10082,Grocery,2025-02-03,5,289,236,341,0.13
SKU10082,Grocery,2025-02-10,6,283,232,333,0.13
SKU10082,Grocery,2025-02-17,7,293,240,345,0.13
SKU10082,Grocery,2025-02-24,8,292,239,344,0.13
SKU10082,Grocery,2025-03-03,9,290,237,342,0.13
SKU10082,Grocery,2025-03-10,10,306,250,361,0.13
SKU10082,Grocery,2025-03-17,11,301,246,355,0.13
SKU10082,Grocery,2025-03-24,12,285,233,336,0.13
SKU10083,Electronics,2025-01-06,1,250,205,295,1.106
SKU10083,Electronics,2025-01-13,2,255,209,300,1.106
SKU10083,Electronics,2025-01-20,3,247,202,291,1.106
SKU10083,Electronics,2025-01-27,4,267,218,315,1.106
SKU10083,Electronics,2025-02-03,5,244,200,287,1.106
SKU10083,Electronics,2025-02-10,6,214,175,252,1.106
SKU10083,Electronics,2025-02-17,7,234,191,276,1.106
SKU10083,Electronics,2025-02-24,8,224,183,264,1.106
SKU10083,Electronics,2025-03-03,9,249,204,293,1.106
SKU10083,Electronics,2025-03-10,10,291,238,343,1.106
SKU10083,Electronics,2025-03-17,11,250,205,295,1.106
SKU10083,Electronics,2025-03-24,12,256,209,302,1.106
SKU10084,Electronics,2025-01-06,1,1118,916,1319,4.543
SKU10084,Electronics,2025-01-13,2,1156,947,1364,4.543
SKU10084,Electronics,2025-01-20,3,1103,904,1301,4.543
SKU10084,Electronics,2025-01-27,4,1121,919,1322,4.543
SKU10084,Electronics,2025-02-03,5,1052,862,1241,4.543
SKU10084,Electronics,2025-02-10,6,998,818,1177,4.543
SKU10084,Electronics,2025-02-17,7,1035,848,1221,4.543
SKU10084,Electronics,2025-02-24,8,1074,880,1267,4.543
SKU10084,Electronics,2025-03-03,9,1152,944,1359,4.543
SKU10084,Electronics,2025-03-10,10,1049,860,1237,4.543
SKU10084,Electronics,2025-03-17,11,1144,938,1349,4.543
SKU10084,Electronics,2025-03-24,12,1192,977,1406,4.543
SKU10085,Apparel,2025-01-06,1,1314,1077,1550,7.464
SKU10085,Apparel,2025-01-13,2,1376,1128,1623,7.464
SKU10085,Apparel,2025-01-20,3,1378,1129,1626,7.464
SKU10085,Apparel,2025-01-27,4,1213,994,1431,7.464
SKU10085,Apparel,2025-02-03,5,1404,1151,1656,7.464
SKU10085,Apparel,2025-02-10,6,1248,1023,1472,7.464
SKU10085,Apparel,2025-02-17,7,1250,1025,1475,7.464
SKU10085,Apparel,2025-02-24,8,1281,1050,1511,7.464
SKU10085,Apparel,2025-03-03,9,1398,1146,1649,7.464
SKU10085,Apparel,2025-03-10,10,1423,1166,1679,7.464
SKU10085,Apparel,2025-03-17,11,1615,1324,1905,7.464
SKU10085,Apparel,2025-03-24,12,1526,1251,1800,7.464
SKU10086,Grocery,2025-01-06,1,1528,1252,1803,8.711
SKU10086,Grocery,2025-01-13,2,1286,1054,1517,8.711
SKU10086,Grocery,2025-01-20,3,1486,1218,1753,8.711
SKU10086,Grocery,2025-01-27,4,1592,1305,1878,8.711
SKU10086,Grocery,2025-02-03,5,1459,1196,1721,8.711
SKU10086,Grocery,2025-02-10,6,1491,1222,1759,8.711
SKU10086,Grocery,2025-02-17,7,1493,1224,1761,8.711
SKU10086,Grocery,2025-02-24,8,1525,1250,1799,8.711
SKU10086,Grocery,2025-03-03,9,1501,1230,1771,8.711
SKU10086,Grocery,2025-03-10,10,1558,1277,1838,8.711
SKU10086,Grocery,2025-03-17,11,1621,1329,1912,8.711
SKU10086,Grocery,2025-03-24,12,1590,1303,1876,8.711
SKU10087,Healthcare,2025-01-06,1,67,54,79,-0.816
SKU10087,Healthcare,2025-01-13,2,68,55,80,-0.816
SKU10087,Healthcare,2025-01-20,3,61,50,71,-0.816
SKU10087,Healthcare,2025-01-27,4,61,50,71,-0.816
SKU10087,Healthcare,2025-02-03,5,58,47,68,-0.816
SKU10087,Healthcare,2025-02-10,6,55,45,64,-0.816
SKU10087,Healthcare,2025-02-17,7,60,49,70,-0.816
SKU10087,Healthcare,2025-02-24,8,57,46,67,-0.816
SKU10087,Healthcare,2025-03-03,9,56,45,66,-0.816
SKU10087,Healthcare,2025-03-10,10,57,46,67,-0.816
SKU10087,Healthcare,2025-03-17,11,53,43,62,-0.816
SKU10087,Healthcare,2025-03-24,12,49,40,57,-0.816
SKU10088,Healthcare,2025-01-06,1,617,505,728,1.56
SKU10088,Healthcare,2025-01-13,2,624,511,736,1.56
SKU10088,Healthcare,2025-01-20,3,608,498,717,1.56
SKU10088,Healthcare,2025-01-27,4,572,469,674,1.56
SKU10088,Healthcare,2025-02-03,5,583,478,687,1.56
SKU10088,Healthcare,2025-02-10,6,588,482,693,1.56
SKU10088,Healthcare,2025-02-17,7,539,441,636,1.56
SKU10088,Healthcare,2025-02-24,8,577,473,680,1.56
SKU10088,Healthcare,2025-03-03,9,621,509,732,1.56
SKU10088,Healthcare,2025-03-10,10,595,487,702,1.56
SKU10088,Healthcare,2025-03-17,11,631,517,744,1.56
SKU10088,Healthcare,2025-03-24,12,594,487,700,1.56
SKU10089,Automotive,2025-01-06,1,520,426,613,2.82
SKU10089,Automotive,2025-01-13,2,541,443,638,2.82
SKU10089,Automotive,2025-01-20,3,552,452,651,2.82
SKU10089,Automotive,2025-01-27,4,598,490,705,2.82
SKU10089,Automotive,2025-02-03,5,525,430,619,2.82
SKU10089,Automotive,2025-02-10,6,495,405,584,2.82
SKU10089,Automotive,2025-02-17,7,576,472,679,2.82
SKU10089,Automotive,2025-02-24,8,589,482,695,2.82
SKU10089,Automotive,2025-03-03,9,611,501,720,2.82
SKU10089,Automotive,2025-03-10,10,620,508,731,2.82
SKU10089,Automotive,2025-03-17,11,592,485,698,2.82
SKU10089,Automotive,2025-03-24,12,620,508,731,2.82
SKU10090,Industrial,2025-01-06,1,1237,1014,1459,7.168
SKU10090,Industrial,2025-01-13,2,1238,1015,1460,7.168
SKU10090,Industrial,2025-01-20,3,1285,1053,1516,7.168
SKU10090,Industrial,2025-01-27,4,1266,1038,1493,7.168
SKU10090,Industrial,2025-02-03,5,1234,1011,1456,7.168
SKU10090,Industrial,2025-02-10,6,1251,1025,1476,7.168
SKU10090,Industrial,2025-02-17,7,1254,1028,1479,7.168
SKU10090,Industrial,2025-02-24,8,1344,1102,1585,7.168
SKU10090,Industrial,2025-03-03,9,1392,1141,1642,7.168
SKU10090,Industrial,2025-03-10,10,1384,1134,1633,7.168
SKU10090,Industrial,2025-03-17,11,1337,1096,1577,7.168
SKU10090,Industrial,2025-03-24,12,1221,1001,1440,7.168
SKU10091,Healthcare,2025-01-06,1,441,361,520,1.401
SKU10091,Healthcare,2025-01-13,2,457,374,539,1.401
SKU10091,Healthcare,2025-01-20,3,443,363,522,1.401
SKU10091,Healthcare,2025-01-27,4,465,381,548,1.401
SKU10091,Healthcare,2025-02-03,5,448,367,528,1.401
SKU10091,Healthcare,2025-02-10,6,398,326,469,1.401
SKU10091,Healthcare,2025-02-17,7,429,351,506,1.401
SKU10091,Healthcare,2025-02-24,8,432,354,509,1.401
SKU10091,Healthcare,2025-03-03,9,374,306,441,1.401
SKU10091,Healthcare,2025-03-10,10,407,333,480,1.401
SKU10091,Healthcare,2025-03-17,11,448,367,528,1.401
SKU10091,Healthcare,2025-03-24,12,426,349,502,1.401
SKU10092,Apparel,2025-01-06,1,987,809,1164,5.69
SKU10092,Apparel,2025-01-13,2,917,751,1082,5.69
SKU10092,Apparel,2025-01-20,3,876,718,1033,5.69
SKU10092,Apparel,2025-01-27,4,952,780,1123,5.69
SKU10092,Apparel,2025-02-03,5,881,722,1039,5.69
SKU10092,Apparel,2025-02-10,6,837,686,987,5.69
SKU10092,Apparel,2025-02-17,7,965,791,1138,5.69
SKU10092,Apparel,2025-02-24,8,908,744,1071,5.69
SKU10092,Apparel,2025-03-03,9,1147,940,1353,5.69
SKU10092,Apparel,2025-03-10,10,1065,873,1256,5.69
SKU10092,Apparel,2025-03-17,11,1029,843,1214,5.69
SKU10092,Apparel,2025-03-24,12,1071,878,1263,5.69
SKU10093,Electronics,2025-01-06,1,666,546,785,3.006
SKU10093,Electronics,2025-01-13,2,676,554,797,3.006
SKU10093,Electronics,2025-01-20,3,611,501,720,3.006
SKU10093,Electronics,2025-01-27,4,657,538,775,3.006
SKU10093,Electronics,2025-02-03,5,590,483,696,3.006
SKU10093,Electronics,2025-02-10,6,596,488,703,3.006
SKU10093,Electronics,2025-02-17,7,639,523,754,3.006
SKU10093,Electronics,2025-02-24,8,611,501,720,3.006
SKU10093,Electronics,2025-03-03,9,656,537,774,3.006
SKU10093,Electronics,2025-03-10,10,668,547,788,3.006
SKU10093,Electronics,2025-03-17,11,644,528,759,3.006
SKU10093,Electronics,2025-03-24,12,581,476,685,3.006
SKU10094,Grocery,2025-01-06,1,455,373,536,0.85
SKU10094,Grocery,2025-01-13,2,501,410,591,0.85
SKU10094,Grocery,2025-01-20,3,535,438,631,0.85
SKU10094,Grocery,2025-01-27,4,499,409,588,0.85
SKU10094,Grocery,2025-02-03,5,524,429,618,0.85
SKU10094,Grocery,2025-02-10,6,515,422,607,0.85
SKU10094,Grocery,2025-02-17,7,471,386,555,0.85
SKU10094,Grocery,2025-02-24,8,503,412,593,0.85
SKU10094,Grocery,2025-03-03,9,511,419,602,0.85
SKU10094,Grocery,2025-03-10,10,566,464,667,0.85
SKU10094,Grocery,2025-03-17,11,462,378,545,0.85
SKU10094,Grocery,2025-03-24,12,569,466,671,0.85
SKU10095,Industrial,2025-01-06,1,165,135,194,-1.551
SKU10095,Industrial,2025-01-13,2,161,132,189,-1.551
SKU10095,Industrial,2025-01-20,3,143,117,168,-1.551
SKU10095,Industrial,2025-01-27,4,153,125,180,-1.551
SKU10095,Industrial,2025-02-03,5,152,124,179,-1.551
SKU10095,Industrial,2025-02-10,6,133,109,156,-1.551
SKU10095,Industrial,2025-02-17,7,153,125,180,-1.551
SKU10095,Industrial,2025-02-24,8,165,135,194,-1.551
SKU10095,Industrial,2025-03-03,9,158,129,186,-1.551
SKU10095,Industrial,2025-03-10,10,152,124,179,-1.551
SKU10095,Industrial,2025-03-17,11,147,120,173,-1.551
SKU10095,Industrial,2025-03-24,12,153,125,180,-1.551
SKU10096,Apparel,2025-01-06,1,234,191,276,0.284
SKU10096,Apparel,2025-01-13,2,231,189,272,0.284
SKU10096,Apparel,2025-01-20,3,219,179,258,0.284
SKU10096,Apparel,2025-01-27,4,205,168,241,0.284
SKU10096,Apparel,2025-02-03,5,202,165,238,0.284
SKU10096,Apparel,2025-02-10,6,216,177,254,0.284
SKU10096,Apparel,2025-02-17,7,209,171,246,0.284
SKU10096,Apparel,2025-02-24,8,218,178,257,0.284
SKU10096,Apparel,2025-03-03,9,239,195,282,0.284
SKU10096,Apparel,2025-03-10,10,279,228,329,0.284
SKU10096,Apparel,2025-03-17,11,240,196,283,0.284
SKU10096,Apparel,2025-03-24,12,251,205,296,0.284
SKU10097,Automotive,2025-01-06,1,218,178,257,0.39
SKU10097,Automotive,2025-01-13,2,248,203,292,0.39
SKU10097,Automotive,2025-01-20,3,243,199,286,0.39
SKU10097,Automotive,2025-01-27,4,225,184,265,0.39
SKU10097,Automotive,2025-02-03,5,243,199,286,0.39
SKU10097,Automotive,2025-02-10,6,217,177,256,0.39
SKU10097,Automotive,2025-02-17,7,247,202,291,0.39
SKU10097,Automotive,2025-02-24,8,247,202,291,0.39
SKU10097,Automotive,2025-03-03,9,256,209,302,0.39
SKU10097,Automotive,2025-03-10,10,256,209,302,0.39
SKU10097,Automotive,2025-03-17,11,239,195,282,0.39
SKU10097,Automotive,2025-03-24,12,256,209,302,0.39
SKU10098,Industrial,2025-01-06,1,1766,1448,2083,9.054
SKU10098,Industrial,2025-01-13,2,1664,1364,1963,9.054
SKU10098,Industrial,2025-01-20,3,1414,1159,1668,9.054
SKU10098,Industrial,2025-01-27,4,1668,1367,1968,9.054
SKU10098,Industrial,2025-02-03,5,1526,1251,1800,9.054
SKU10098,Industrial,2025-02-10,6,1483,1216,1749,9.054
SKU10098,Industrial,2025-02-17,7,1491,1222,1759,9.054
SKU10098,Industrial,2025-02-24,8,1545,1266,1823,9.054
SKU10098,Industrial,2025-03-03,9,1710,1402,2017,9.054
SKU10098,Industrial,2025-03-10,10,1654,1356,1951,9.054
SKU10098,Industrial,2025-03-17,11,1612,1321,1902,9.054
SKU10098,Industrial,2025-03-24,12,1612,1321,1902,9.054
SKU10099,Automotive,2025-01-06,1,51,41,60,-1.139
SKU10099,Automotive,2025-01-13,2,52,42,61,-1.139
SKU10099,Automotive,2025-01-20,3,46,37,54,-1.139
SKU10099,Automotive,2025-01-27,4,47,38,55,-1.139
SKU10099,Automotive,2025-02-03,5,42,34,49,-1.139
SKU10099,Automotive,2025-02-10,6,44,36,51,-1.139
SKU10099,Automotive,2025-02-17,7,44,36,51,-1.139
SKU10099,Automotive,2025-02-24,8,43,35,50,-1.139
SKU10099,Automotive,2025-03-03,9,41,33,48,-1.139
SKU10099,Automotive,2025-03-10,10,42,34,49,-1.139
SKU10099,Automotive,2025-03-17,11,38,31,44,-1.139
SKU10099,Automotive,2025-03-24,12,37,30,43,-1.139
